IGN,Real Name,Stats
C0M,Corbin Lee,"['Sova', '(22) 67%', '502', '1.03', '202.1', '1.03', '141.2', '72%', '0.69', '0.25', '0.08', '0.06', '344', '335', '127', '38', '31']","['Viper', '(6) 18%', '118', '0.88', '176.7', '0.91', '114.4', '64%', '0.62', '0.19', '0.06', '0.09', '73', '80', '23', '7', '11']","['Fade', '(5) 15%', '106', '0.82', '152.6', '0.75', '107.1', '73%', '0.52', '0.40', '0.05', '0.08', '55', '73', '42', '5', '8']"
tex,Ian Botsch,"['Cypher', '(14) 64%', '301', '0.93', '193.9', '0.98', '129.3', '70%', '0.69', '0.22', '0.12', '0.13', '208', '213', '65', '35', '38']","['Killjoy', '(5) 23%', '134', '0.91', '202.8', '0.94', '137.8', '65%', '0.72', '0.13', '0.12', '0.15', '96', '102', '18', '16', '20']","['Gekko', '(3) 14%', '69', '0.84', '180.7', '0.90', '119.7', '71%', '0.65', '0.20', '0.06', '0.10', '45', '50', '14', '4', '7']"
Mazino,Roberto Rivas,"['Harbor', '(8) 36%', '198', '1.00', '204.8', '1.02', '130.5', '67%', '0.75', '0.33', '0.09', '0.11', '149', '146', '65', '17', '21']","['Breach', '(8) 36%', '181', '1.15', '223.9', '1.15', '147.4', '78%', '0.80', '0.50', '0.11', '0.06', '144', '125', '90', '20', '10']","['Deadlock', '(3) 14%', '56', '0.94', '197.3', '1.00', '119.4', '66%', '0.71', '0.18', '0.11', '0.16', '40', '40', '10', '6', '9']"
aspas,Erick Santos,"['Jett', '(11) 50%', '254', '1.14', '213.2', '1.25', '138.6', '76%', '0.80', '0.12', '0.13', '0.09', '202', '161', '31', '32', '24']","['Raze', '(6) 27%', '125', '1.11', '229.8', '1.08', '155.2', '67%', '0.79', '0.16', '0.21', '0.14', '99', '92', '20', '26', '18']","['Neon', '(5) 23%', '125', '1.19', '240.4', '1.23', '158.5', '77%', '0.85', '0.31', '0.18', '0.14', '106', '86', '39', '22', '17']"
kiNgg,Francisco Aravena,"['Omen', '(14) 64%', '301', '1.05', '181.7', '1.07', '115.0', '77%', '0.65', '0.45', '0.09', '0.08', '195', '182', '135', '27', '24']","['Viper', '(6) 27%', '156', '1.04', '198.0', '1.02', '127.8', '75%', '0.71', '0.26', '0.06', '0.05', '110', '108', '40', '10', '8']","['Brimstone', '(2) 9%', '47', '1.06', '179.5', '1.03', '114.9', '68%', '0.66', '0.43', '0.09', '0.09', '31', '30', '20', '4', '4']"
valyn,Jacob Batio,"['Omen', '(6) 30%', '137', '1.04', '200.7', '0.94', '119.1', '76%', '0.67', '0.49', '0.11', '0.09', '92', '98', '67', '15', '13']","['Harbor', '(4) 20%', '89', '1.08', '225.0', '1.14', '137.4', '71%', '0.82', '0.27', '0.11', '0.04', '73', '64', '24', '10', '4']","['Brimstone', '(3) 15%', '70', '0.89', '178.7', '0.92', '106.4', '73%', '0.64', '0.33', '0.07', '0.09', '45', '49', '23', '5', '6']"
JonahP,Jonah Pulice,"['Viper', '(8) 62%', '180', '0.92', '193.1', '0.88', '121.7', '64%', '0.66', '0.24', '0.08', '0.11', '119', '136', '43', '15', '20']","['Skye', '(3) 23%', '70', '0.83', '160.7', '0.75', '108.5', '63%', '0.56', '0.33', '0.04', '0.11', '39', '52', '23', '3', '8']","['Breach', '(1) 8%', '30', '1.15', '215.0', '1.10', '140.0', '77%', '0.77', '0.60', '0.00', '0.00', '23', '21', '18', '0', '0']"
leaf,Nathan Orf,"['Killjoy', '(10) 77%', '227', '0.95', '194.2', '0.87', '133.8', '68%', '0.67', '0.19', '0.14', '0.09', '153', '175', '43', '31', '20']","['Viper', '(3) 23%', '70', '1.18', '238.3', '1.16', '163.1', '73%', '0.81', '0.31', '0.11', '0.14', '57', '49', '22', '8', '10']"
icy,Jacob Lange,"['Raze', '(5) 38%', '120', '1.10', '222.6', '1.11', '148.8', '70%', '0.78', '0.20', '0.18', '0.12', '94', '85', '24', '21', '14']","['Gekko', '(3) 23%', '72', '0.97', '199.7', '0.92', '125.7', '69%', '0.67', '0.29', '0.13', '0.11', '48', '52', '21', '9', '8']","['Yoru', '(3) 23%', '58', '0.58', '121.7', '0.51', '87.6', '60%', '0.41', '0.12', '0.07', '0.19', '24', '47', '7', '4', '11']"
trent,Trent Cairns,"['Sova', '(9) 45%', '194', '0.85', '177.1', '0.79', '125.1', '66%', '0.58', '0.30', '0.08', '0.11', '112', '142', '58', '16', '21']","['Fade', '(6) 30%', '127', '1.19', '233.3', '1.16', '149.2', '75%', '0.80', '0.47', '0.08', '0.09', '101', '87', '60', '10', '11']","['Gekko', '(3) 15%', '70', '0.91', '169.3', '0.80', '112.5', '70%', '0.59', '0.36', '0.07', '0.07', '41', '51', '25', '5', '5']"
Melser,Marco Eliot Machuca Amaro,"['Omen', '(5) 63%', '101', '1.02', '209.4', '1.09', '127.7', '68%', '0.73', '0.23', '0.13', '0.15', '74', '68', '23', '13', '15']","['Harbor', '(1) 13%', '19', '0.55', '109.0', '0.38', '77.4', '58%', '0.32', '0.32', '0.00', '0.11', '6', '16', '6', '0', '2']","['Brimstone', '(1) 13%', '19', '0.90', '137.0', '0.62', '99.6', '68%', '0.42', '0.32', '0.00', '0.11', '8', '13', '6', '0', '2']"
keznit,Angelo Mori,"['Neon', '(3) 38%', '61', '1.17', '277.7', '1.17', '176.1', '75%', '0.89', '0.38', '0.16', '0.10', '54', '46', '23', '10', '6']","['Raze', '(3) 38%', '59', '1.25', '241.7', '1.07', '176.9', '78%', '0.76', '0.37', '0.15', '0.05', '45', '42', '22', '9', '3']","['Omen', '(1) 13%', '19', '1.01', '242.0', '1.07', '167.0', '58%', '0.84', '0.16', '0.11', '0.16', '16', '15', '3', '2', '3']"
heat,Olavo Marcelo,"['Breach', '(3) 38%', '61', '0.94', '163.3', '0.97', '106.1', '74%', '0.62', '0.38', '0.05', '0.03', '38', '39', '23', '3', '2']","['Fade', '(3) 38%', '59', '0.99', '194.0', '1.05', '122.0', '73%', '0.78', '0.17', '0.03', '0.05', '46', '44', '10', '2', '3']","['Sova', '(1) 13%', '19', '0.82', '174.0', '0.80', '121.2', '68%', '0.63', '0.21', '0.05', '0.05', '12', '15', '4', '1', '1']"
Shyy,Fabian Usnayo,"['Cypher', '(4) 50%', '80', '1.04', '195.5', '1.04', '127.5', '71%', '0.69', '0.35', '0.14', '0.13', '55', '53', '28', '11', '10']","['Killjoy', '(3) 38%', '57', '1.17', '238.7', '1.46', '162.8', '72%', '0.95', '0.14', '0.11', '0.09', '54', '37', '8', '6', '5']","['Viper', '(1) 13%', '19', '0.90', '191.0', '0.86', '123.6', '53%', '0.63', '0.21', '0.21', '0.16', '12', '14', '4', '4', '3']"
mta,Nicolas Gonzalez,"['Sova', '(4) 50%', '78', '0.88', '161.0', '0.92', '104.2', '68%', '0.60', '0.17', '0.08', '0.05', '47', '51', '13', '6', '4']","['Viper', '(2) 25%', '40', '0.88', '170.0', '0.89', '107.4', '75%', '0.63', '0.33', '0.18', '0.13', '25', '28', '13', '7', '5']","['Kayo', '(1) 13%', '19', '1.40', '285.0', '1.19', '208.9', '79%', '1.00', '0.47', '0.11', '0.16', '19', '16', '9', '2', '3']"
TenZ,Tyson Ngo,"['Omen', '(13) 65%', '277', '1.11', '218.4', '1.11', '143.7', '76%', '0.77', '0.41', '0.08', '0.09', '214', '192', '113', '22', '25']","['Kayo', '(3) 15%', '62', '1.27', '240.7', '1.16', '159.9', '68%', '0.82', '0.61', '0.03', '0.10', '51', '44', '38', '2', '6']","['Gekko', '(2) 10%', '43', '0.91', '166.5', '0.83', '111.4', '70%', '0.58', '0.33', '0.07', '0.07', '25', '30', '14', '3', '3']"
Sacy,Gustavo Rossi,"['Fade', '(8) 47%', '171', '0.95', '175.5', '0.83', '118.1', '77%', '0.58', '0.54', '0.05', '0.08', '99', '119', '92', '8', '14']","['Sova', '(8) 47%', '166', '1.07', '200.4', '0.96', '136.3', '71%', '0.64', '0.37', '0.10', '0.07', '106', '110', '62', '16', '12']","['Gekko', '(1) 6%', '24', '0.98', '225.0', '0.94', '153.9', '75%', '0.71', '0.33', '0.08', '0.13', '17', '18', '8', '2', '3']"
Zellsis,Jordan Montemurro,"['Breach', '(11) 33%', '246', '0.97', '167.4', '0.92', '109.6', '74%', '0.57', '0.54', '0.06', '0.08', '141', '153', '134', '14', '20']","['Killjoy', '(10) 30%', '211', '1.07', '199.8', '1.17', '131.0', '75%', '0.73', '0.16', '0.11', '0.11', '154', '132', '33', '24', '24']","['Kayo', '(6) 18%', '125', '0.84', '177.8', '0.73', '111.8', '71%', '0.59', '0.54', '0.04', '0.06', '74', '102', '67', '5', '8']"
johnqt,Mohamed Amine Ouarid,"['Cypher', '(10) 33%', '218', '0.94', '154.9', '0.97', '102.2', '72%', '0.57', '0.26', '0.06', '0.06', '124', '128', '56', '13', '13']","['Viper', '(8) 27%', '165', '1.05', '170.4', '1.08', '113.2', '76%', '0.60', '0.31', '0.10', '0.07', '99', '92', '51', '16', '12']","['Fade', '(3) 10%', '67', '1.07', '186.7', '1.10', '118.5', '72%', '0.67', '0.45', '0.04', '0.07', '45', '41', '30', '3', '5']"
zekken,Zachary Patrone,"['Neon', '(10) 33%', '220', '1.29', '302.2', '1.43', '182.6', '75%', '1.06', '0.25', '0.22', '0.17', '233', '163', '55', '49', '38']","['Raze', '(10) 33%', '215', '1.22', '262.7', '1.29', '163.5', '72%', '0.94', '0.26', '0.19', '0.16', '202', '156', '55', '41', '35']","['Jett', '(5) 17%', '102', '0.93', '211.2', '1.00', '138.8', '62%', '0.77', '0.15', '0.15', '0.20', '79', '79', '15', '15', '20']"
Boaster,Jake Howlett,"['Astra', '(8) 44%', '184', '0.68', '117.5', '0.62', '73.6', '66%', '0.40', '0.30', '0.08', '0.09', '73', '117', '55', '14', '17']","['Omen', '(7) 39%', '127', '0.72', '124.9', '0.69', '80.9', '72%', '0.45', '0.38', '0.04', '0.16', '57', '83', '48', '5', '20']","['Yoru', '(1) 6%', '22', '0.35', '104.0', '0.44', '64.3', '41%', '0.36', '0.14', '0.09', '0.18', '8', '18', '3', '2', '4']"
Chronicle,Timofey Khromov,"['Viper', '(8) 57%', '157', '1.19', '224.8', '1.20', '149.7', '71%', '0.80', '0.26', '0.14', '0.10', '125', '104', '41', '22', '15']","['Sova', '(6) 43%', '136', '1.24', '224.0', '1.26', '158.6', '76%', '0.75', '0.32', '0.12', '0.04', '102', '81', '43', '16', '6']"
Derke,Nikita Sirmitev,"['Raze', '(10) 71%', '205', '1.23', '265.7', '1.32', '173.6', '72%', '0.94', '0.19', '0.17', '0.15', '192', '145', '39', '34', '30']","['Yoru', '(4) 29%', '88', '1.21', '236.5', '1.35', '151.5', '73%', '0.88', '0.17', '0.19', '0.14', '77', '57', '15', '17', '12']"
Alfajer,Emir Ali Beder,"['Killjoy', '(7) 50%', '139', '1.01', '187.6', '0.99', '137.5', '73%', '0.68', '0.17', '0.07', '0.06', '95', '96', '23', '10', '8']","['Gekko', '(3) 21%', '68', '0.95', '195.3', '1.02', '125.8', '68%', '0.71', '0.18', '0.07', '0.10', '48', '47', '12', '5', '7']","['Breach', '(2) 14%', '48', '1.18', '197.0', '1.13', '146.5', '73%', '0.73', '0.50', '0.06', '0.06', '35', '31', '24', '3', '3']"
hiro,Emirhan Kat,"['Fade', '(8) 44%', '157', '0.95', '175.9', '0.94', '112.4', '71%', '0.60', '0.34', '0.06', '0.08', '94', '100', '54', '10', '12']","['Cypher', '(6) 33%', '124', '0.94', '182.2', '0.95', '119.0', '69%', '0.66', '0.19', '0.09', '0.06', '82', '86', '23', '11', '8']","['Viper', '(3) 17%', '64', '0.99', '188.3', '1.00', '121.9', '70%', '0.72', '0.23', '0.06', '0.09', '46', '46', '15', '4', '6']"
Sayf,Saif Jibraeel,"['Neon', '(3) 43%', '58', '1.18', '240.7', '1.20', '162.4', '69%', '0.84', '0.29', '0.10', '0.14', '49', '41', '17', '6', '8']","['Jett', '(2) 29%', '54', '0.92', '174.0', '0.97', '113.5', '61%', '0.67', '0.11', '0.13', '0.20', '36', '37', '6', '7', '11']","['Raze', '(2) 29%', '39', '0.89', '200.0', '0.86', '140.1', '72%', '0.62', '0.26', '0.08', '0.15', '24', '28', '10', '3', '6']"
trexx,Nikita Cherednichenko,"['Sova', '(5) 71%', '112', '1.25', '227.8', '1.24', '157.1', '70%', '0.83', '0.34', '0.07', '0.07', '93', '75', '38', '8', '8']","['Fade', '(2) 29%', '39', '1.19', '228.5', '1.25', '148.9', '79%', '0.77', '0.36', '0.13', '0.05', '30', '24', '14', '5', '2']"
ceNder,Jokubas Labutis,"['Omen', '(6) 86%', '125', '0.86', '160.2', '0.87', '101.9', '66%', '0.62', '0.32', '0.06', '0.15', '77', '89', '40', '8', '19']","['Viper', '(1) 14%', '26', '0.99', '208.0', '1.06', '139.5', '77%', '0.73', '0.31', '0.08', '0.15', '19', '18', '8', '2', '4']"
Kicks,Kimmie Laasner,"['Kayo', '(4) 57%', '86', '0.93', '155.3', '0.68', '98.9', '71%', '0.47', '0.64', '0.07', '0.07', '40', '59', '55', '6', '6']","['Gekko', '(2) 29%', '46', '0.92', '195.0', '0.94', '128.8', '70%', '0.72', '0.15', '0.07', '0.09', '33', '35', '7', '3', '4']","['Breach', '(1) 14%', '19', '1.87', '299.0', '2.44', '196.0', '79%', '1.16', '0.68', '0.00', '0.05', '22', '9', '13', '0', '1']"
runneR,Emil Trajkovski,"['Cypher', '(4) 25%', '77', '1.00', '215.0', '1.02', '137.7', '69%', '0.74', '0.23', '0.17', '0.09', '57', '56', '18', '13', '7']","['Gekko', '(3) 19%', '51', '1.50', '282.7', '1.96', '168.2', '86%', '1.04', '0.47', '0.18', '0.04', '53', '27', '24', '9', '2']","['Sova', '(3) 19%', '49', '1.09', '218.7', '1.09', '154.7', '69%', '0.73', '0.33', '0.14', '0.10', '36', '33', '16', '7', '5']"
Boo,Ricardas Lukasevicius,"['Astra', '(8) 27%', '181', '0.94', '179.4', '0.88', '110.3', '76%', '0.62', '0.46', '0.07', '0.08', '112', '127', '84', '12', '14']","['Omen', '(8) 27%', '179', '0.92', '163.4', '0.86', '102.0', '72%', '0.56', '0.39', '0.08', '0.05', '101', '118', '69', '14', '9']","['Fade', '(6) 20%', '129', '0.97', '194.2', '0.98', '123.9', '78%', '0.68', '0.33', '0.08', '0.03', '88', '90', '42', '10', '4']"
RieNs,Enes Ecirli,"['Sova', '(15) 60%', '333', '1.17', '217.4', '1.20', '152.3', '74%', '0.77', '0.28', '0.08', '0.09', '257', '214', '92', '27', '30']","['Viper', '(6) 24%', '129', '1.20', '216.2', '1.20', '144.0', '78%', '0.75', '0.35', '0.09', '0.11', '97', '81', '45', '12', '14']","['Gekko', '(4) 16%', '90', '1.02', '199.3', '1.02', '119.7', '71%', '0.72', '0.23', '0.10', '0.07', '65', '64', '21', '9', '6']"
MiniBoo,Dominykas Lukasevicius,"['Raze', '(13) 43%', '278', '1.06', '219.0', '1.07', '143.1', '72%', '0.76', '0.18', '0.15', '0.15', '212', '199', '50', '42', '42']","['Neon', '(9) 30%', '210', '1.13', '240.7', '1.18', '153.2', '72%', '0.86', '0.20', '0.20', '0.15', '181', '154', '43', '42', '32']","['Jett', '(7) 23%', '158', '0.71', '162.7', '0.75', '108.2', '60%', '0.58', '0.11', '0.13', '0.20', '91', '121', '17', '20', '32']"
Wo0t,Mert Alkan,"['Gekko', '(11) 44%', '251', '0.96', '184.8', '0.94', '124.0', '73%', '0.65', '0.27', '0.07', '0.08', '164', '174', '69', '18', '21']","['Omen', '(7) 28%', '150', '1.05', '198.3', '1.07', '123.9', '76%', '0.71', '0.42', '0.07', '0.11', '106', '99', '63', '11', '17']","['Kayo', '(3) 12%', '63', '1.03', '198.3', '0.95', '128.6', '78%', '0.65', '0.62', '0.06', '0.08', '41', '43', '39', '4', '5']"
benjyfishy,Benjamin David Fish,"['Cypher', '(16) 48%', '328', '0.90', '193.3', '0.94', '126.9', '71%', '0.69', '0.21', '0.08', '0.15', '226', '240', '68', '25', '48']","['Killjoy', '(13) 39%', '284', '1.02', '185.3', '1.11', '125.3', '68%', '0.71', '0.08', '0.09', '0.09', '203', '183', '24', '26', '25']","['Viper', '(4) 12%', '92', '1.24', '251.8', '1.32', '171.7', '73%', '0.89', '0.35', '0.11', '0.09', '82', '62', '32', '10', '8']"
cNed,Mehmet Yagiz Ipek,"['Raze', '(3) 75%', '66', '1.04', '232.0', '1.04', '158.3', '67%', '0.82', '0.12', '0.14', '0.09', '54', '52', '8', '9', '6']","['Jett', '(1) 25%', '22', '0.85', '193.0', '0.82', '130.6', '68%', '0.64', '0.14', '0.32', '0.27', '14', '17', '3', '7', '6']"
qRaxs,Dogukan Balaban,"['Fade', '(2) 50%', '42', '0.85', '124.0', '0.69', '77.8', '67%', '0.43', '0.31', '0.07', '0.05', '18', '26', '13', '3', '2']","['Gekko', '(1) 25%', '24', '0.93', '185.0', '1.00', '119.2', '75%', '0.71', '0.25', '0.04', '0.13', '17', '17', '6', '1', '3']","['Breach', '(1) 25%', '22', '1.13', '189.0', '1.07', '129.0', '73%', '0.68', '0.32', '0.00', '0.05', '15', '14', '7', '0', '1']"
AtaKaptan,Ata Tan,"['Brimstone', '(2) 50%', '42', '0.58', '137.5', '0.59', '91.9', '55%', '0.45', '0.29', '0.05', '0.17', '19', '32', '12', '2', '7']","['Omen', '(1) 25%', '24', '1.04', '181.0', '1.07', '119.9', '71%', '0.63', '0.42', '0.08', '0.08', '15', '14', '10', '2', '2']","['Viper', '(1) 25%', '22', '0.97', '187.0', '0.76', '118.9', '73%', '0.59', '0.36', '0.00', '0.00', '13', '17', '8', '0', '0']"
MrFaliN,Furkan Yegen,"['Gekko', '(2) 50%', '42', '0.71', '152.0', '0.67', '106.5', '67%', '0.48', '0.33', '0.05', '0.14', '20', '30', '14', '2', '6']","['Breach', '(1) 25%', '24', '0.72', '171.0', '0.72', '116.0', '71%', '0.54', '0.38', '0.08', '0.00', '13', '18', '9', '2', '0']","['Omen', '(1) 25%', '22', '0.98', '216.0', '0.94', '123.4', '77%', '0.73', '0.36', '0.05', '0.09', '16', '17', '8', '1', '2']"
yetujey,Eray Budak,"['Cypher', '(2) 50%', '46', '1.13', '233.0', '1.19', '149.7', '72%', '0.83', '0.17', '0.22', '0.09', '38', '32', '8', '10', '4']","['Viper', '(2) 50%', '42', '1.00', '230.5', '1.10', '139.9', '67%', '0.81', '0.19', '0.17', '0.07', '34', '31', '8', '7', '3']"
Lakia,Kim Jong-min,"['Skye', '(4) 36%', '97', '0.84', '165.3', '0.85', '108.6', '73%', '0.59', '0.29', '0.10', '0.09', '57', '67', '28', '10', '9']","['Fade', '(3) 27%', '72', '0.79', '134.3', '0.71', '87.2', '82%', '0.47', '0.51', '0.03', '0.06', '34', '48', '37', '2', '4']","['Sova', '(2) 18%', '44', '0.59', '112.0', '0.53', '71.2', '61%', '0.36', '0.18', '0.07', '0.09', '16', '30', '8', '3', '4']"
Munchkin,Byeon Sang-beom,"['Viper', '(8) 73%', '193', '1.03', '194.8', '0.95', '130.9', '79%', '0.64', '0.47', '0.08', '0.06', '124', '131', '90', '16', '11']","['Kayo', '(3) 27%', '58', '1.09', '197.7', '1.06', '125.3', '83%', '0.66', '0.69', '0.05', '0.09', '38', '36', '40', '3', '5']"
t3xture,Kim Na-ra,"['Jett', '(6) 55%', '122', '1.15', '241.5', '1.27', '151.8', '69%', '0.88', '0.15', '0.19', '0.14', '107', '84', '18', '23', '17']","['Raze', '(5) 45%', '129', '1.05', '235.0', '1.04', '164.4', '67%', '0.79', '0.22', '0.24', '0.14', '102', '98', '28', '31', '18']"
Meteor,Kim Tae-O,"['Killjoy', '(8) 73%', '170', '1.06', '213.1', '1.19', '147.0', '71%', '0.79', '0.16', '0.09', '0.10', '135', '113', '28', '16', '17']","['Cypher', '(2) 18%', '57', '1.20', '239.0', '1.28', '148.0', '75%', '0.88', '0.23', '0.14', '0.05', '50', '39', '13', '8', '3']","['Yoru', '(1) 9%', '24', '1.46', '327.0', '1.65', '205.9', '71%', '1.17', '0.21', '0.21', '0.17', '28', '17', '5', '5', '4']"
Karon,Kim Won-tae,"['Omen', '(6) 55%', '132', '1.00', '192.0', '1.02', '119.9', '78%', '0.70', '0.45', '0.07', '0.09', '92', '90', '59', '9', '12']","['Brimstone', '(2) 18%', '57', '1.28', '239.0', '1.35', '153.3', '75%', '0.88', '0.37', '0.07', '0.07', '50', '37', '21', '4', '4']","['Viper', '(2) 18%', '38', '0.82', '163.0', '0.85', '102.4', '66%', '0.58', '0.21', '0.13', '0.00', '22', '26', '8', '5', '0']"
BuZz,Yu Byung-chul,"['Jett', '(9) 56%', '176', '0.89', '208.0', '0.98', '133.7', '66%', '0.73', '0.14', '0.19', '0.20', '129', '132', '24', '34', '35']","['Raze', '(4) 25%', '88', '1.42', '324.0', '1.54', '199.5', '74%', '1.14', '0.10', '0.24', '0.14', '100', '65', '9', '21', '12']","['Neon', '(3) 19%', '72', '0.91', '226.3', '0.90', '148.1', '63%', '0.74', '0.29', '0.17', '0.24', '53', '59', '21', '12', '17']"
MaKo,Kim Myeong-gwan,"['Omen', '(12) 75%', '241', '1.08', '198.3', '1.05', '130.6', '76%', '0.68', '0.42', '0.06', '0.07', '165', '157', '101', '14', '17']","['Brimstone', '(2) 13%', '53', '0.71', '143.5', '0.62', '107.0', '68%', '0.45', '0.36', '0.02', '0.13', '24', '39', '19', '1', '7']","['Viper', '(2) 13%', '42', '1.00', '220.0', '0.88', '145.0', '74%', '0.71', '0.40', '0.07', '0.12', '30', '34', '17', '3', '5']"
BeYN,Kang Ha-bin,"['Sova', '(11) 69%', '222', '0.83', '159.2', '0.79', '105.6', '69%', '0.58', '0.24', '0.05', '0.11', '128', '163', '54', '11', '25']","['Fade', '(5) 31%', '114', '0.96', '185.2', '1.04', '121.0', '75%', '0.65', '0.29', '0.04', '0.08', '74', '71', '33', '4', '9']"
Foxy9,Jung Jae-sung,"['Breach', '(6) 38%', '127', '0.91', '169.5', '0.82', '108.3', '70%', '0.60', '0.43', '0.06', '0.06', '76', '93', '55', '7', '8']","['Kayo', '(5) 31%', '102', '1.06', '207.6', '1.03', '133.8', '76%', '0.68', '0.52', '0.03', '0.05', '69', '67', '53', '3', '5']","['Gekko', '(3) 19%', '72', '0.76', '164.7', '0.79', '104.8', '63%', '0.61', '0.28', '0.08', '0.14', '44', '56', '20', '6', '10']"
Flashback,Cho Min-hyuk,"['Cypher', '(9) 56%', '180', '1.08', '212.1', '1.18', '141.9', '77%', '0.79', '0.21', '0.13', '0.05', '142', '120', '38', '24', '9']","['Viper', '(4) 25%', '88', '1.11', '195.5', '1.26', '126.1', '78%', '0.72', '0.33', '0.05', '0.03', '63', '50', '29', '4', '3']","['Killjoy', '(2) 13%', '42', '0.74', '169.0', '0.71', '114.6', '57%', '0.60', '0.19', '0.00', '0.12', '25', '35', '8', '0', '5']"
Jinggg,Wang Jing Jie,"['Raze', '(4) 57%', '81', '1.01', '242.8', '1.02', '153.8', '68%', '0.77', '0.27', '0.15', '0.22', '62', '61', '22', '12', '18']","['Sage', '(2) 29%', '37', '0.99', '173.5', '0.92', '117.4', '76%', '0.62', '0.51', '0.05', '0.16', '23', '25', '19', '2', '6']","['Neon', '(1) 14%', '22', '0.41', '150.0', '0.43', '109.5', '59%', '0.41', '0.36', '0.14', '0.36', '9', '21', '8', '3', '8']"
mindfreak,Aaron Leonhart,"['Omen', '(4) 50%', '84', '0.99', '199.5', '0.92', '132.0', '76%', '0.70', '0.33', '0.05', '0.04', '59', '64', '28', '4', '3']","['Viper', '(2) 25%', '37', '1.12', '243.0', '1.26', '146.4', '78%', '0.92', '0.38', '0.05', '0.08', '34', '27', '14', '2', '3']","['Brimstone', '(1) 13%', '19', '1.27', '187.0', '1.22', '121.4', '84%', '0.58', '0.84', '0.05', '0.00', '11', '9', '16', '1', '0']"
f0rsakeN,Jason Susanto,"['Breach', '(2) 25%', '45', '0.45', '107.0', '0.43', '70.9', '62%', '0.36', '0.29', '0.07', '0.16', '16', '37', '13', '3', '7']","['Sova', '(2) 25%', '37', '1.29', '245.0', '1.35', '171.4', '70%', '0.95', '0.22', '0.05', '0.08', '35', '26', '8', '2', '3']","['Kayo', '(1) 13%', '22', '1.32', '239.0', '1.12', '145.7', '77%', '0.86', '0.64', '0.05', '0.09', '19', '17', '14', '1', '2']"
d4v41,Khalish Rusyaidee,"['Sage', '(2) 29%', '45', '1.13', '206.0', '1.16', '134.0', '69%', '0.80', '0.20', '0.07', '0.04', '36', '31', '9', '3', '2']","['Killjoy', '(2) 29%', '37', '0.69', '132.5', '0.58', '100.7', '73%', '0.41', '0.30', '0.00', '0.11', '15', '26', '11', '0', '4']","['Fade', '(1) 14%', '22', '0.91', '225.0', '0.89', '144.8', '77%', '0.73', '0.27', '0.09', '0.09', '16', '18', '6', '2', '2']"
something,Ilya Petrov,"['Jett', '(4) 57%', '76', '0.90', '214.8', '0.95', '134.3', '64%', '0.72', '0.13', '0.16', '0.16', '55', '58', '10', '12', '12']","['Gekko', '(3) 43%', '64', '0.96', '192.0', '0.91', '133.0', '73%', '0.66', '0.41', '0.09', '0.13', '42', '46', '26', '6', '8']"
Crws,Thanamethk Mahatthananuyut,"['Fade', '(2) 50%', '40', '0.52', '138.0', '0.55', '89.5', '63%', '0.45', '0.25', '0.08', '0.10', '18', '33', '10', '3', '4']","['Omen', '(1) 25%', '24', '0.59', '125.0', '0.63', '94.2', '63%', '0.42', '0.29', '0.00', '0.17', '10', '16', '7', '0', '4']","['Kayo', '(1) 25%', '21', '0.41', '134.0', '0.56', '91.0', '57%', '0.48', '0.14', '0.05', '0.19', '10', '18', '3', '1', '4']"
Governor,Peter No,"['Raze', '(14) 44%', '264', '1.16', '261.5', '1.30', '165.0', '77%', '0.89', '0.17', '0.25', '0.13', '236', '182', '45', '66', '34']","['Jett', '(11) 34%', '208', '1.39', '297.2', '1.69', '182.2', '79%', '1.04', '0.20', '0.26', '0.13', '216', '128', '42', '54', '27']","['Neon', '(3) 9%', '64', '0.88', '208.3', '0.96', '130.9', '72%', '0.70', '0.23', '0.19', '0.17', '45', '47', '15', '12', '11']"
ban,Joseph Seungmin Oh,"['Skye', '(1) 25%', '24', '1.32', '190.0', '1.50', '122.2', '79%', '0.75', '0.42', '0.00', '0.00', '18', '12', '10', '0', '0']","['Phoenix', '(1) 25%', '21', '0.71', '130.0', '0.71', '78.0', '62%', '0.48', '0.10', '0.14', '0.14', '10', '14', '2', '3', '3']","['Cypher', '(1) 25%', '21', '1.00', '232.0', '1.13', '155.0', '76%', '0.86', '0.14', '0.05', '0.10', '18', '16', '3', '1', '2']"
JitBoyS,Jittana Nokngam,"['Omen', '(2) 50%', '40', '0.66', '171.0', '0.65', '110.4', '73%', '0.55', '0.28', '0.10', '0.00', '22', '34', '11', '4', '0']","['Viper', '(1) 25%', '24', '1.05', '220.0', '1.06', '143.0', '75%', '0.75', '0.08', '0.25', '0.04', '18', '17', '2', '6', '1']","['Clove', '(1) 25%', '21', '0.61', '165.0', '0.56', '104.0', '67%', '0.48', '0.29', '0.10', '0.24', '10', '18', '6', '2', '5']"
primmie,Papaphat Sriprapha,"['Yoru', '(1) 25%', '24', '1.15', '222.0', '1.29', '137.8', '79%', '0.75', '0.42', '0.08', '0.08', '18', '14', '10', '2', '2']","['Sage', '(1) 25%', '21', '1.44', '277.0', '1.69', '161.4', '76%', '1.05', '0.24', '0.05', '0.05', '22', '13', '5', '1', '1']","['Raze', '(1) 25%', '21', '1.32', '281.0', '1.40', '177.2', '71%', '1.00', '0.19', '0.14', '0.10', '21', '15', '4', '3', '2']"
nobody,Wang Senxu,"['Sova', '(12) 57%', '258', '0.90', '181.4', '0.90', '121.4', '69%', '0.62', '0.25', '0.09', '0.10', '160', '177', '65', '24', '26']","['Fade', '(5) 24%', '100', '1.11', '185.2', '1.23', '116.8', '77%', '0.70', '0.35', '0.04', '0.08', '70', '57', '35', '4', '8']","['Gekko', '(4) 19%', '91', '0.83', '170.5', '0.81', '110.8', '74%', '0.57', '0.29', '0.09', '0.12', '52', '64', '26', '8', '11']"
ZmjjKK,Zheng Yongkang,"['Neon', '(12) 57%', '245', '1.13', '269.5', '1.24', '167.7', '70%', '0.93', '0.26', '0.27', '0.22', '229', '184', '63', '66', '53']","['Jett', '(5) 24%', '113', '1.03', '220.0', '1.14', '144.9', '69%', '0.81', '0.15', '0.19', '0.15', '91', '80', '17', '22', '17']","['Raze', '(4) 19%', '91', '1.11', '233.0', '1.14', '160.7', '67%', '0.81', '0.16', '0.19', '0.16', '74', '65', '15', '17', '15']"
Smoggy,Zhang Zhao,"['Omen', '(9) 43%', '191', '1.06', '174.4', '1.11', '112.3', '76%', '0.64', '0.37', '0.04', '0.04', '123', '111', '70', '8', '8']","['Clove', '(5) 24%', '100', '1.27', '268.6', '1.34', '167.4', '77%', '0.94', '0.42', '0.10', '0.06', '94', '70', '42', '10', '6']","['Brimstone', '(4) 19%', '91', '1.34', '232.0', '1.42', '147.9', '81%', '0.82', '0.42', '0.04', '0.04', '75', '53', '38', '4', '4']"
S1Mon,Hsien Meng-Hsun,"['Kayo', '(9) 43%', '193', '0.96', '165.6', '0.85', '106.5', '78%', '0.54', '0.56', '0.07', '0.04', '105', '124', '109', '14', '7']","['Breach', '(8) 38%', '165', '1.03', '168.3', '0.92', '114.5', '77%', '0.59', '0.52', '0.05', '0.02', '98', '107', '86', '9', '3']","['Fade', '(4) 19%', '91', '0.96', '154.8', '0.95', '104.7', '69%', '0.58', '0.27', '0.07', '0.07', '53', '56', '25', '6', '6']"
CHICHOO,Wan Shunzhi,"['Cypher', '(7) 33%', '145', '1.12', '213.4', '1.16', '137.6', '72%', '0.74', '0.30', '0.12', '0.06', '108', '93', '43', '17', '9']","['Omen', '(5) 24%', '100', '1.33', '237.0', '1.49', '152.3', '86%', '0.85', '0.42', '0.10', '0.03', '85', '57', '42', '10', '3']","['Viper', '(4) 19%', '91', '1.08', '209.5', '1.08', '143.2', '73%', '0.74', '0.22', '0.13', '0.09', '67', '62', '20', '12', '8']"
Autumn,Kale Dunne,"['Chamber', '(3) 60%', '61', '1.10', '217.3', '1.17', '134.3', '67%', '0.80', '0.10', '0.26', '0.15', '49', '42', '6', '16', '9']","['Viper', '(2) 40%', '54', '1.05', '203.5', '1.06', '134.6', '76%', '0.69', '0.39', '0.06', '0.04', '37', '35', '21', '3', '2']"
Life,Qu Donghao,"['Yoru', '(3) 60%', '69', '0.75', '187.0', '0.79', '122.7', '64%', '0.61', '0.16', '0.14', '0.17', '42', '53', '11', '10', '12']","['Raze', '(1) 20%', '28', '0.69', '167.0', '0.81', '120.2', '57%', '0.61', '0.14', '0.18', '0.29', '17', '21', '4', '5', '8']","['Viper', '(1) 20%', '18', '0.56', '151.0', '0.67', '85.7', '56%', '0.56', '0.06', '0.00', '0.28', '10', '15', '1', '0', '5']"
BerLIN,Zhang Bolin,"['Omen', '(3) 60%', '69', '0.93', '157.7', '0.93', '105.4', '74%', '0.58', '0.30', '0.09', '0.09', '40', '43', '21', '6', '6']","['Astra', '(1) 20%', '28', '1.03', '212.0', '1.00', '142.6', '68%', '0.71', '0.39', '0.18', '0.04', '20', '20', '11', '5', '1']","['Breach', '(1) 20%', '18', '0.96', '208.0', '0.79', '131.1', '50%', '0.61', '0.50', '0.00', '0.11', '11', '14', '9', '0', '2']"
AAAAY,Zhang Yang,"['Fade', '(3) 60%', '69', '1.06', '204.0', '1.15', '139.5', '65%', '0.77', '0.19', '0.09', '0.06', '53', '46', '13', '6', '4']","['Gekko', '(2) 40%', '46', '0.83', '148.5', '0.90', '97.8', '72%', '0.61', '0.15', '0.07', '0.04', '28', '31', '7', '3', '2']"
Lysoar,Liang Youhao,"['Omen', '(2) 40%', '46', '0.79', '157.5', '0.77', '112.0', '76%', '0.59', '0.20', '0.02', '0.04', '27', '35', '9', '1', '2']","['Viper', '(2) 40%', '43', '0.88', '159.0', '0.73', '118.6', '67%', '0.51', '0.51', '0.05', '0.02', '22', '30', '22', '2', '1']","['Cypher', '(1) 20%', '26', '0.92', '200.0', '0.85', '130.7', '65%', '0.65', '0.42', '0.08', '0.08', '17', '20', '11', '2', '2']"
Biank,Zhong Jianfei,"['Sova', '(6) 60%', '129', '0.81', '171.7', '0.79', '114.4', '63%', '0.57', '0.34', '0.10', '0.12', '73', '92', '44', '13', '15']","['Skye', '(3) 30%', '63', '0.91', '150.7', '0.78', '91.8', '70%', '0.49', '0.40', '0.10', '0.11', '31', '40', '25', '6', '7']","['Fade', '(1) 10%', '16', '0.54', '173.0', '0.69', '105.3', '56%', '0.56', '0.13', '0.06', '0.06', '9', '13', '2', '1', '1']"
LuoK1ng,Zhang Zhanpeng,"['Omen', '(6) 60%', '127', '0.99', '190.3', '1.03', '126.9', '73%', '0.72', '0.33', '0.07', '0.06', '91', '88', '42', '9', '7']","['Brimstone', '(3) 30%', '63', '1.07', '209.3', '1.20', '132.2', '75%', '0.78', '0.32', '0.10', '0.03', '49', '41', '20', '6', '2']","['Astra', '(1) 10%', '18', '1.32', '246.0', '1.25', '159.3', '72%', '0.83', '0.61', '0.00', '0.00', '15', '12', '11', '0', '0']"
heybay,Ho Shun Hei,"['Breach', '(3) 30%', '65', '0.90', '181.3', '0.82', '118.2', '77%', '0.63', '0.38', '0.03', '0.08', '41', '50', '25', '2', '5']","['Kayo', '(3) 30%', '64', '0.70', '139.3', '0.68', '89.1', '73%', '0.47', '0.44', '0.08', '0.06', '30', '44', '28', '5', '4']","['Deadlock', '(3) 30%', '63', '1.05', '185.0', '1.05', '123.3', '76%', '0.67', '0.38', '0.06', '0.10', '42', '40', '24', '4', '6']"
FengF,Song Xuefeng,"['Raze', '(7) 70%', '144', '0.89', '196.6', '0.93', '128.3', '67%', '0.67', '0.09', '0.12', '0.17', '96', '103', '13', '17', '24']","['Killjoy', '(2) 20%', '46', '1.12', '235.0', '1.43', '151.6', '67%', '0.87', '0.09', '0.15', '0.09', '40', '28', '4', '7', '4']","['Cypher', '(1) 10%', '18', '0.91', '185.0', '0.85', '116.2', '67%', '0.61', '0.22', '0.22', '0.06', '11', '13', '4', '4', '1']"
Kai,Lu Zhinan,"['Cypher', '(6) 60%', '128', '1.08', '204.3', '1.05', '139.1', '70%', '0.71', '0.20', '0.13', '0.12', '91', '87', '25', '16', '15']","['Jett', '(3) 30%', '64', '1.29', '267.7', '1.48', '173.5', '75%', '0.97', '0.13', '0.20', '0.14', '62', '42', '8', '13', '9']","['Killjoy', '(1) 10%', '16', '0.53', '110.0', '0.36', '89.3', '50%', '0.31', '0.19', '0.00', '0.13', '5', '14', '3', '0', '2']"
Flex1n,Lo Rui,"['Omen', '(2) 50%', '39', '0.81', '161.5', '0.67', '125.8', '72%', '0.56', '0.31', '0.08', '0.10', '22', '33', '12', '3', '4']","['Brimstone', '(1) 25%', '22', '0.81', '169.0', '0.75', '113.5', '64%', '0.55', '0.32', '0.14', '0.00', '12', '16', '7', '3', '0']","['Viper', '(1) 25%', '17', '1.37', '238.0', '1.45', '145.7', '88%', '0.94', '0.35', '0.12', '0.12', '16', '11', '6', '2', '2']"
Knight,Liu Yuxiang,"['Breach', '(2) 50%', '39', '0.89', '159.0', '0.69', '101.3', '69%', '0.56', '0.49', '0.03', '0.05', '22', '32', '19', '1', '2']","['Cypher', '(1) 25%', '22', '0.90', '166.0', '1.00', '108.6', '59%', '0.64', '0.23', '0.05', '0.05', '14', '14', '5', '1', '1']","['Sage', '(1) 25%', '17', '0.47', '105.0', '0.29', '69.6', '59%', '0.24', '0.53', '0.00', '0.12', '4', '14', '9', '0', '2']"
whzy,Wang Haozhe,"['Neon', '(2) 50%', '39', '0.86', '227.5', '0.80', '134.0', '62%', '0.72', '0.33', '0.23', '0.23', '28', '35', '13', '9', '9']","['Raze', '(1) 25%', '22', '1.30', '305.0', '1.44', '190.6', '82%', '1.05', '0.05', '0.18', '0.09', '23', '16', '1', '4', '2']","['Jett', '(1) 25%', '17', '0.57', '221.0', '0.65', '138.1', '53%', '0.65', '0.12', '0.06', '0.41', '11', '17', '2', '1', '7']"
Yosemite,Wang Lei,"['Viper', '(2) 50%', '44', '0.55', '95.5', '0.43', '70.7', '55%', '0.30', '0.30', '0.05', '0.16', '13', '30', '13', '2', '7']","['Cypher', '(1) 25%', '17', '0.63', '115.0', '0.43', '75.1', '59%', '0.35', '0.18', '0.06', '0.06', '6', '14', '3', '1', '1']","['Killjoy', '(1) 25%', '17', '0.76', '202.0', '0.75', '130.9', '53%', '0.71', '0.12', '0.06', '0.00', '12', '16', '2', '1', '0']"
nephh,Marcus Tan,"['Fade', '(2) 50%', '39', '0.79', '183.5', '0.75', '107.0', '56%', '0.62', '0.23', '0.03', '0.15', '24', '32', '9', '1', '6']","['Skye', '(1) 25%', '22', '1.05', '190.0', '0.93', '125.1', '68%', '0.59', '0.55', '0.14', '0.05', '13', '14', '12', '3', '1']","['Kayo', '(1) 25%', '17', '0.37', '111.0', '0.31', '79.1', '47%', '0.29', '0.24', '0.00', '0.12', '5', '16', '4', '0', '2']"
